{
	"default": {
		"sticker_like": e => `${e.author.nickname} 님이 좋아요 10개를 선물하셨습니다.`,
		"sticker_kr_juice": e => `Juice: 쥬스`,
		"sticker_kr_icecream": e => `Ice Cream: 아이스크림`,
		"sticker_kr_airplane": e => `Airplane: 비행기`,
		"sticker_kr_rose": e => `Rose: 장미`,
		"sticker_kr_clap": e => `Clap: 박수`,
		"sticker_kr_bearflower": e => `Bearflower: 곰돌이꽃다발`,
		"sticker_kr_snack11": e => `Snack11: 스낵`,
		"sticker_kr_coke": e => `Coke: 콜라`,
		"sticker_kr_potatochip": e => `Potatochip: 감자칩`,
		"sticker_kr_hotdog": e => `Hotdog: 핫도그`,
		"sticker_kr_bubbletea": e => `Bubbletea: 버블티`,
		"sticker_kr_hamburger": e => `Hamburger: 햄버거`,
		"sticker_kr_lip": e => `Lip: 입술`,
		"sticker_kr_coffee_donut": e => `Coffee donut: 커피도넛`,
		"sticker_kr_cake": e => `Cake: 케이크`,
		"sticker_kr_chicken": e => `Chicken: 치킨`,
		"sticker_kr_king": e => `Crown: 왕관`,
		"sticker_kr_pizza": e => `Pizza: 피자`,
		"sticker_kr_vday": e => `Vday: 발렌타인`,
		"sticker_kr_clover": e => `Clover: 클로버`,
		"sticker_kr_ohohoh": e => `Ohohoh: 오오오`,
		"sticker_kr_jackpot": e => `Jackpot: 잭팟`,
		"sticker_kr_angel": e => `Angel: 천사`,
		"sticker_kr_santa": e => `Santa: 산타`,
		"sticker_myheart": e => `Myheart(랜덤): 랜덤`,
		"sticker_korea_hi": e => `하이: 인사스티커`,
		"sticker_kr_plum": e => `자두: 자두자두니가보고파`,
		"sticker_kr_grape": e => `포도: 내가보고시포도`,
		"sticker_kr_1000love": e => `천만큼사랑해: 천만큼사랑해`,
		"sticker_kr_watermelon": e => `수박: 날사랑할수박에`,
		"sticker_korea_minute": e => `방종3분전: 방종설명스티커`,
		"sticker_korea_back": e => `내가왔다: 인사(허세)`,
		"sticker_korea_rehi": e => `리하이: 재입장시`,
		"sticker_kr_funny": e => `웃기다: ㅋㅋㅋㅋㅋ (웃음)`,
		"sticker_kr_orientalmelon": e => `참외: 참외롭다`,
		"sticker_korea_night": e => `잘자: 잘자스티커`,
		"sticker_kr_loveyou": e => `사랑해 텍스트: 사랑해 텍스트`,
		"sticker_kr_takecare": e => `아프지마: 알약(아프지마)`,
		"sticker_kr_1000": e => `1000FAN: 1000FAN`,
		"sticker_kr_fruitbox": e => `8월한정: 과일박스`,
		"sticker_kr_cherryblossom": e => `Cherryblossom: 벚꽃`,
		"sticker_kr_sun": e => `Sun: 태양`,
		"sticker_kr_independence": e => `광복절 스티커: 광복절`,
		"sticker_kr_sunscreen": e => `Sunscreen: 선크림`,
		"sticker_kr_flowerbunch": e => `Flower Bunch: 꽃다발`,
		"sticker_kr_childrensday": e => `Childrens Day: 어린이날`,
		"sticker_kr_parentsday": e => `Parents day: 어버이날`,
		"sticker_kr_summer": e => `Summer: 여름`,
		"sticker_kr_roseday": e => `Rose: 장미`,
		"default": e => `${e.author.nickname}님이 스푼 ${e.amount * e.combo}개를 선물하셨습니다.`
	}
}