{
	"default": {
		"sticker_like": null,
		"sticker_kr_juice": null,
		"sticker_kr_icecream": null,
		"sticker_kr_lip": null,
		"sticker_kr_ufo6": null,
		"sticker_kr_whiteday": null,
		"sticker_kr_2021new": null,
		"sticker_myheart": null,
		"sticker_kr_whiteday2": null,
		"sticker_kr_newyear": null,
		"sticker_kr_rose": null,
		"sticker_kr_king": null,
		"sticker_kr_clap": null,
		"sticker_kr_dog": null,
		"sticker_kr_catfin": null,
		"sticker_kr_flex": null,
		"sticker_kr_airplane": null,
		"sticker_kr_potatochip": null,
		"sticker_kr_snack11": null,
		"sticker_kr_coke": null,
		"sticker_kr_bubbletea": null,
		"sticker_kr_hotdog": null,
		"sticker_kr_hamburger": null,
		"sticker_kr_coffee_donut": null,
		"sticker_kr_cake": null,
		"sticker_kr_chicken": null,
		"sticker_kr_bearflower": null,
		"sticker_kr_pizza": null,
		"sticker_kr_clover": null,
		"sticker_kr_ohohoh": null,
		"sticker_kr_jackpot": null,
		"sticker_kr_angel": null,
		"sticker_korea_hi": null,
		"sticker_kr_best": null,
		"sticker_kr_goodmorning": null,
		"sticker_kr_plum": null,
		"sticker_kr_grape": null,
		"sticker_kr_1000love": null,
		"sticker_kr_funny": null,
		"sticker_kr_persimmon": null,
		"sticker_korea_minute": null,
		"sticker_korea_back": null,
		"sticker_korea_rehi": null,
		"sticker_kr_watermelon": null,
		"sticker_kr_orientalmelon": null,
		"sticker_korea_night": null,
		"sticker_kr_loveyou": null,
		"sticker_kr_takecare": null,
		"sticker_kr_1000": null,
		"sticker_kr_chestnut": null,
		"sticker_kr_bungeoppang": null,
		"sticker_kr_hoppang": null,
		"sticker_kr_snow": null,
		"sticker_kr_suneung": null,
		"sticker_kr_sweetpotato": null,
		"sticker_kr_flowerbunch": null,
		"sticker_korea_man": null,
		"sticker_korea_leaves": null,
		"sticker_kr_horse": null,
		"sticker_kr_childrensday": null,
		"sticker_kr_cherryblossom": null,
		"sticker_kr_sun": null,
		"sticker_kr_sunscreen": null,
		"sticker_kr_summer": null,
		"sticker_kr_vday": null,
		"default": e => `${e.author.nickname}님이 스푼 ${e.amount * e.combo}개를 선물하셨습니다.`
	}
}